"[30/08/25, 19:36:40] S.A.R.C. 2025-26 + Alumni Chair: ‎Messages and calls are end-to-end encrypted. Only people in this chat can read, listen to, or share them."
"[31/07/25, 19:59:19] Arjun Karunakar Gim Sarc Senior: ‎Arjun Karunakar Gim Sarc Senior created this group"
"[30/08/25, 19:36:39] S.A.R.C. 2025-26 + Alumni Chair: ‎Daniel Gim Sarc Senior added you"
"‎[30/08/25, 19:37:26] Daniel Gim Sarc Senior: Dear All,"
""
"We are delighted to introduce the Junior Members of the Student Alumni Relations Cell for the year *2025–2026* ."
""
"With their enthusiasm, dedication, and fresh perspectives, these students are ready to contribute meaningfully and strengthen the bond between our Alumni and the institute."
""
"*Presenting the Junior S.A.R.C. (JSARC) members for the year 2025–2026.*"
""
"Regards,"
"S.A.R.C. ‎video omitted"
"[30/08/25, 19:37:40] Aditi Mehta Gim Sarc: Dear All,"
""
"I am Aditi Mehta from Indore. Coming from a family of bankers, I deeply value mentorship and shared experiences. As a part of S.A.R.C., I seek to strengthen Alumni relations and contribute with sincerity and professionalism to the lasting legacy of GIM."
"[30/08/25, 19:38:07] Debjyoti Gim BDA: Dear All,"
""
"I am Debjyoti Basu from Guwahati. GIM’s legacy and its strong Alumni network deeply inspires me. I see S.A.R.C. as a platform to contribute and give back by strengthening the bond between students and Alumni."
"[30/08/25, 19:38:47] ‪+91 73790 51800‬: Dear All,"
""
"I am Epsha Jaiswal from Varanasi. I joined S.A.R.C. because it aligns with my goal of building strong professional networks and learning from our Alumni’s journeys. I am eager to bridge the gap between students and Alumni."
"[30/08/25, 19:39:08] Ishita Vyas Gim Bda Sarc: Dear All,"
""
"I am Ishita Vyas from Jaipur. I believe S.A.R.C. is a platform to build meaningful connections with our Alumni and learn from their experiences. I look forward to contributing to Alumni engagements."
"[30/08/25, 19:39:58] Jayesh Gim Sarc: Dear All,"
""
"I am Jayesh Jain from Jaipur. For me, S.A.R.C. represents more than just opportunities, it is a way to support the Alumni community. I am grateful and look forward to contributing meaningfully."
"[30/08/25, 19:40:27] Khushi Dhawan Gim Sarc: Dear All,"
""
"I am Khushi Dhawan from Varanasi. I joined S.A.R.C. because I believe meaningful student-Alumni connections create invaluable learning beyond the classroom. For me, it is about learning from inspiring journeys and carrying GIM’s legacy forward with pride."
"[30/08/25, 19:40:52] Khushi Jain Gim Core Sarc: Dear All,"
""
"I am Khushi Jain from Delhi. I believe S.A.R.C. is about staying connected with our Alumni and building bridges where experiences, insights, and stories can be exchanged. I am eager to strengthen the Alumni bond at GIM."
"[30/08/25, 19:41:18] Mansi Mishra Gim Sarc: Dear All,"
""
"I am Mansi Mishra from Goa. I see S.A.R.C. as a platform to connect with the Alumni, learn from their experiences, and contribute to initiatives that add value to both students and the Alumni. I hope to contribute and grow this community."
"[30/08/25, 19:41:40] Parth Sharma Gim Sarc JCC: Dear All,"
""
"I am Parth Sharma from Nagpur. S.A.R.C. is about building lasting connections with Alumni and I look forward to creating engaging initiatives that will strengthen this bond."
"[30/08/25, 19:42:07] Sakshi Patil Gim Sarc: Dear All,"
""
"I am Dr. Sakshi Patil from Nashik. I believe S.A.R.C. is a transformative platform that enables meaningful connections with the Alumni. I look forward to serve as a student-Alumni facilitator and grow through these inspiring connections."
"[30/08/25, 19:42:27] Sampada Gim Sarc: Dear All,"
""
"I am Dr. Sampada Muley from Chhatrapati Sambhajinagar. I joined S.A.R.C. to engage with Alumni and learn from their journeys. I look forward to contributing towards building stronger Alumni connections."
"[30/08/25, 19:43:05] Shlok Potdar: Dear All,"
""
"I am Shlok Potdar from Vadodara. I joined S.A.R.C. to connect with Alumni and learn from their experiences. I see this as an opportunity to grow professionally and help carry forward GIM’s legacy."
"[30/08/25, 19:44:04] Tilak Periwal Gim Sarc: Dear all,"
""
"I am Tilak Periwal from Jaipur. I joined S.A.R.C. to build meaningful relationships and learn from our Alumni network. I hope to contribute and learn from those have walked this path."
"[30/08/25, 19:44:37] Yash Gaba Gim Sarc: Dear All,"
""
"I am Yash Gaba from Ghaziabad, Delhi. As part of S.A.R.C. I look forward to strengthening Alumni bonds, fostering mentorship, and creating meaningful connections between the students and Alumni. I see this as an opportunity to be a part of something that helps me carry forward the legacy of GIM."
"[30/08/25, 22:17:59] Sneha Ma'am Alumni Chair: Welcome everyone! 🤗"
"[31/08/25, 11:59:34] Khushi Dhawan Gim Sarc: Hello Ma’am,"
""
"Thank you for the warm welcome. We look forward to embarking on this exciting journey ahead."
""
"Regards."
"[07/09/25, 20:20:55] Rochan Goel GIM Core Senior (9551): ‎Ayush Shenvi Sarc Senior added Rochan Goel GIM Core Senior (9551)"
"[28/09/25, 09:13:59] Aryaman Tapparia Gim Sarc Senior: ‎Your security code with Aryaman changed."
"[05/10/25, 10:14:46] Khushi Jain Gim Core Sarc: ‎Your security code with Khushi changed."
"[05/10/25, 10:26:52] Khushi Jain Gim Core Sarc: ‎Your security code with Khushi changed."
"[07/10/25, 11:37:04] Sneha Ma'am Alumni Chair: Hi Team"
"[07/10/25, 11:37:49] Sneha Ma'am Alumni Chair: We’ll need a PoC for the distinguished alumni award"
"[07/10/25, 11:38:18] Sneha Ma'am Alumni Chair: And I would like to talk to the PoC asap regarding something very important and urgent"
"[07/10/25, 14:34:49] Ishita Vyas Gim Bda Sarc: Hello Ma’am,"
""
"Shlok from the Junior Team will be the POC for the same."
""
"Please advise a time to get in touch with you for the discussion."
"[07/10/25, 14:37:28] Sneha Ma'am Alumni Chair: Thank you"
"[07/10/25, 14:38:04] Sneha Ma'am Alumni Chair: I’ll get back on this"
"‎[20/10/25, 13:20:23] Debjyoti Gim BDA: Dear All,"
""
"The Student Alumni Relations Cell wishes you a radiant and blissful Diwali."
""
"The magic of Diwali lies not just in its lights, but in the joy, togetherness, and hope it brings to every heart."
""
"May this season fill your life with endless sparkle, warmth, and new beginnings."
""
"Regards,"
"S.A.R.C. ‎video omitted"
"‎[20/10/25, 13:20:25] Debjyoti Gim BDA: Dear All,"
""
"The Student Alumni Relations Cell wishes you a radiant and blissful Diwali."
""
"The magic of Diwali lies not just in its lights, but in the joy, togetherness, and hope it brings to every heart."
""
"May this season fill your life with endless sparkle, warmth, and new beginnings."
""
"Regards,"
"S.A.R.C. ‎video omitted"
"[20/10/25, 19:24:23] Aryaman Tapparia Gim Sarc Senior: ‎Your security code with Aryaman changed."
"‎[25/10/25, 21:01:20] Mansi Mishra Gim Sarc: Dear All,"
""
"Goa Institute of Management presents *HR Meet 2025*, the first-ever city meet exclusively for HR professionals from the GIM Alumni community."
""
"*Date*: 2nd November 2025"
"*Time*: 10 AM onwards"
"*Venue*: Radisson Bengaluru City Center"
""
"Join us for a day of connection, collaboration, and meaningful exchange with industry leaders and peers."
""
"*Registration Link*: https://forms.gle/srSsaTKdCBrGJNAM6"
""
"Let’s celebrate the spirit of the HR fraternity and strengthen the GIM network together."
""
"Regards,"
"S.A.R.C. ‎image omitted"
"[31/10/25, 13:24:39] Aryaman Tapparia Gim Sarc Senior: Hello @⁨Sneha Ma'am Alumni Chair⁩ Ma'am,"
""
"We wanted to clarify one point. In regards to the last conversation you had with the S.A.R.C. member, it was conveyed that the HR Meet is a S.A.R.C. event, partially sponsored by GIMAA, which has already been mentioned in the poster."
""
"However, we don't understand the need to get our promotional content cross-checked or approved, as this hasn’t usually been part of the process for our past events."
"[31/10/25, 13:25:36] Sneha Ma'am Alumni Chair: We can discuss this in the meeting."
"[31/10/25, 13:26:04] Sneha Ma'am Alumni Chair: I’m not sure if everything that falls under alumni relations can be called a SARC event ‎<This message was edited>"
"[31/10/25, 13:27:04] Sneha Ma'am Alumni Chair: For example, HR meet was conceived by the alumni office, supported by the director, was supported by GIMAA and came to SARC at a later stage"
"[31/10/25, 13:28:39] Sneha Ma'am Alumni Chair: If we can present it as a SARC event is a question and we have supported it so far. I guess running the poster by alumni office before posting shouldn’t be a big barrier here."
"[31/10/25, 13:30:27] Sneha Ma'am Alumni Chair: It was also discussed during imprints that GIMAA’s signature should go in promotions and not just SARC’s."
"[31/10/25, 13:31:49] Sneha Ma'am Alumni Chair: You please conceive your events, we will support you and you can call it as an event presented by SARC, I have no problem."
"‎[31/10/25, 13:40:43] Sneha Ma'am Alumni Chair: ‎image omitted"
"[31/10/25, 13:41:44] Sneha Ma'am Alumni Chair: I would like the posters to be in this format please. You can have your logo, but please be open to give credit where it’s due. ‎<This message was edited>"
"‎[31/10/25, 13:43:47] Sneha Ma'am Alumni Chair: ‎image omitted"
"[31/10/25, 13:44:13] Sneha Ma'am Alumni Chair: I don’t even see placements team / club mentioned here."
"[31/10/25, 17:40:41] Aashita Gim Sarc Senior: Hello Ma’am,"
""
"We would like to discuss this matter with you in person. Kindly let us know a convenient time for you to meet with us."
"[31/10/25, 18:28:28] Sneha Ma'am Alumni Chair: Let’s meet next week"
"[31/10/25, 18:29:24] Aashita Gim Sarc Senior: Sure, Ma'am."
"[04/11/25, 13:36:38] Sneha Ma'am Alumni Chair: Dear Team, can we meet at your earliest convenience to discuss 25 year reunion and the above matter we wanted to discuss."
"[04/11/25, 13:38:49] Sneha Ma'am Alumni Chair: Please propose a convenient slot where a good number of members can make it, if not everyone."
"[04/11/25, 14:33:36] Sneha Ma'am Alumni Chair: This is urgent, let’s meet tomorrow."
"[04/11/25, 14:48:18] Aashita Gim Sarc Senior: Sure, Ma'am. We will discuss the availability of the team and get back to you at the earliest."
"[04/11/25, 14:49:24] Sneha Ma'am Alumni Chair: Thank you"
"‎[04/11/25, 14:57:57] Sneha Ma'am Alumni Chair: ‎image omitted"
"[04/11/25, 14:58:44] Sneha Ma'am Alumni Chair: As discussed, this is not a SARC event. Please change it to Organised by alumni office, sponsored and supported by GIMAA and supported by SARC."
"[04/11/25, 14:59:10] Sneha Ma'am Alumni Chair: Asap."
"[04/11/25, 14:59:46] Sneha Ma'am Alumni Chair: Please get it done and confirm."
"[04/11/25, 15:01:27] Sneha Ma'am Alumni Chair: And not just tag people. Describe their contribution and say thank you."
"[04/11/25, 15:01:42] Sneha Ma'am Alumni Chair: I want it done today. Thank you."
"[04/11/25, 16:11:49] Sneha Ma'am Alumni Chair: Also, you haven’t tagged Hemant"
"[04/11/25, 17:07:52] Arjun Karunakar Gim Sarc Senior: Hello Ma’am,"
""
"Thank you for your feedback."
""
"We would like to clarify that, we specifically mentioned that the event was a collaboration among three entities and did not state that it was “organized by” us. This phrasing was chosen thoughtfully, as we felt it more accurately represented the partnership dynamics and the collective efforts involved."
""
"Moreover, in a one-on-one conversation, our S.A.R.C. member was informed by you that there were only five registrations and that, since it was a “S.A.R.C. event,” it was S.A.R.C.’s responsibility to increase those numbers. Our communication was therefore aligned with that understanding."
""
"We would also like to highlight that the phrase “supported by S.A.R.C.” is not contextually accurate, as traditionally, a larger or official entity supports a smaller one. Therefore, the Alumni Office, being in an institutional capacity, can support; whereas S.A.R.C., as a student volunteer body, can only organize or collaborate."
""
"It is, however, disheartening to see divisions being drawn and our efforts going unacknowledged, such as during the vote of thanks at past events. The Student Alumni Relations Cell functions under the guidance of the Director and the Chair, with the shared objective of strengthening Alumni relations and advancing the institute’s larger vision. As a volunteer body, S.A.R.C. does not work for monetary benefit or because it falls within a job description, our efforts stem purely from commitment and a sense of belonging to the institution."
""
"We hope this provides clarity on our intent and approach, which were consistent with both precedent and the information available to us at the time."
"[04/11/25, 17:14:44] Sneha Ma'am Alumni Chair: Please state the meeting slot."
"[04/11/25, 17:16:12] Sneha Ma'am Alumni Chair: This is a bigger concern than using hosted instead of organised."
"[05/11/25, 08:48:00] Sneha Ma'am Alumni Chair: Dear Team, thanks for modifying the post, appreciate it. We forgot to tag Prof. Rakesh Shrivatsava, please do."
"[05/11/25, 10:21:22] Aashita Gim Sarc Senior: Sure, Ma'am."
"[05/11/25, 11:38:41] Nandinee Gim Sarc Senior: ‎Your security code with Nandinee changed."
"[07/12/25, 10:55:47] Nandinee Gim Sarc Senior: ‎Your security code with Nandinee changed."
"[07/12/25, 11:16:25] Nandinee Gim Sarc Senior: ‎Your security code with Nandinee changed."
"[07/12/25, 11:25:33] Nandinee Gim Sarc Senior: ‎Your security code with Nandinee changed."
"[07/12/25, 11:55:18] Nandinee Gim Sarc Senior: ‎Your security code with Nandinee changed."
"[07/12/25, 12:19:23] Nandinee Gim Sarc Senior: ‎Your security code with Nandinee changed."
"[07/12/25, 12:27:32] Nandinee Gim Sarc Senior: ‎Your security code with Nandinee changed."
"[07/12/25, 14:32:18] Nandinee Gim Sarc Senior: ‎Your security code with Nandinee changed."
"[07/12/25, 14:35:10] Nandinee Gim Sarc Senior: ‎Your security code with Nandinee changed."
"[28/12/25, 00:00:17] Tilak Periwal Gim Sarc: ‎Your security code with Tilak changed."
"[18/01/26, 07:32:11] Nandinee Gim Sarc Senior: ‎Your security code with Nandinee changed."
"[20/01/26, 20:42:18] Nandinee Gim Sarc Senior: ‎Your security code with Nandinee changed."
"[24/01/26, 23:24:45] Arjun Karunakar Gim Sarc Senior: ‎Your security code with Arjun changed."
"[13/02/26, 18:21:13] Arjun Karunakar Gim Sarc Senior: ‎Your security code with Arjun changed."
"[13/02/26, 20:56:49] Arjun Karunakar Gim Sarc Senior: ‎Your security code with Arjun changed."
"[27/02/26, 01:36:27] Mansi Mishra Gim Sarc: ‎Your security code with Mansi changed."
"[20/03/26, 22:22:55] Diksha Palan Gim Bda Senior: ‎Your security code with Diksha changed."
"[31/03/26, 21:20:13] Aditi Mehta Gim Sarc: ‎Your security code with Aditi changed."
"[15/04/26, 18:22:58] ‪+91 73790 51800‬: ‎‎‪+91 73790 51800‬ changed their phone number to a new number. ‎Tap to message new number."
